,CBSA_NAME,year,month,PM25_Level_FINAL
0,"Bakersfield, CA",2013,1,20.14071684587814
1,"Bakersfield, CA",2013,2,15.773202303648732
2,"Bakersfield, CA",2013,3,10.859236256574965
3,"Bakersfield, CA",2013,4,10.259329966329966
4,"Bakersfield, CA",2013,5,13.163587487781037
5,"Bakersfield, CA",2013,6,13.264960437710439
6,"Bakersfield, CA",2013,7,13.286845063538612
7,"Bakersfield, CA",2013,8,14.314271633384536
8,"Bakersfield, CA",2013,9,11.69396693121693
9,"Bakersfield, CA",2013,10,11.283602150537636
10,"Bakersfield, CA",2013,11,12.886809523809523
11,"Bakersfield, CA",2013,12,28.463728878648233
12,"Bakersfield, CA",2014,1,29.076029185867895
13,"Bakersfield, CA",2014,2,11.20671768707483
14,"Bakersfield, CA",2014,3,8.401697388632874
15,"Bakersfield, CA",2014,4,8.626555555555557
16,"Bakersfield, CA",2014,5,8.380871735791091
17,"Bakersfield, CA",2014,6,13.972007936507936
18,"Bakersfield, CA",2014,7,10.272080133128519
19,"Bakersfield, CA",2014,8,9.755218894009216
20,"Bakersfield, CA",2014,9,9.942986772486773
21,"Bakersfield, CA",2014,10,10.347369431643626
22,"Bakersfield, CA",2014,11,23.218082010582012
23,"Bakersfield, CA",2014,12,12.548488223246288
24,"Bakersfield, CA",2015,1,26.372613927291347
25,"Bakersfield, CA",2015,2,16.70017148526077
26,"Bakersfield, CA",2015,3,8.586786994367639
27,"Bakersfield, CA",2015,4,7.9173849206349205
28,"Bakersfield, CA",2015,5,6.981460573476703
29,"Bakersfield, CA",2015,6,8.415962962962963
30,"Bakersfield, CA",2015,7,8.73126216077829
31,"Bakersfield, CA",2015,8,12.254759344598053
32,"Bakersfield, CA",2015,9,10.268268518518518
33,"Bakersfield, CA",2015,10,9.371513056835637
34,"Bakersfield, CA",2015,11,14.268703703703704
35,"Bakersfield, CA",2015,12,14.120248335893498
36,"Bakersfield, CA",2016,1,9.40534178187404
37,"Bakersfield, CA",2016,2,13.26553776683087
38,"Bakersfield, CA",2016,3,6.162434715821812
39,"Bakersfield, CA",2016,4,6.964940476190477
40,"Bakersfield, CA",2016,5,6.53562980030722
41,"Bakersfield, CA",2016,6,8.768462962962962
42,"Bakersfield, CA",2016,7,9.877069892473118
43,"Bakersfield, CA",2016,8,13.929825908858167
44,"Bakersfield, CA",2016,9,11.228523809523809
45,"Bakersfield, CA",2016,10,8.824591653865848
46,"Bakersfield, CA",2016,11,17.49560582010582
47,"Bakersfield, CA",2016,12,16.81094470046083
48,"Bakersfield, CA",2017,1,9.398602150537634
49,"Bakersfield, CA",2017,2,6.336369047619047
50,"Bakersfield, CA",2017,3,9.404903993855607
51,"Bakersfield, CA",2017,4,6.424880952380952
52,"Bakersfield, CA",2017,5,7.1652636968765995
53,"Bakersfield, CA",2017,6,9.09138888888889
54,"Bakersfield, CA",2017,7,11.612525601638504
55,"Bakersfield, CA",2017,8,11.374773425499233
56,"Bakersfield, CA",2017,9,9.373505291005293
57,"Bakersfield, CA",2017,10,13.88294930875576
58,"Bakersfield, CA",2017,11,12.374756613756613
59,"Bakersfield, CA",2017,12,24.506639784946238
60,"Bakersfield, CA",2018,1,18.985599078341014
61,"Bakersfield, CA",2018,2,12.464243197278913
62,"Bakersfield, CA",2018,3,5.599525089605735
63,"Bakersfield, CA",2018,4,7.515953703703704
64,"Bakersfield, CA",2018,5,7.959923195084485
65,"Bakersfield, CA",2018,6,9.344902116402118
66,"Bakersfield, CA",2018,7,13.603408858166922
67,"Bakersfield, CA",2018,8,18.834403481822836
68,"Bakersfield, CA",2018,9,9.559698412698413
69,"Bakersfield, CA",2018,10,7.911756272401434
70,"Bakersfield, CA",2018,11,15.426170634920634
71,"Bakersfield, CA",2018,12,11.706370967741936
72,"Bakersfield, CA",2019,1,12.33294930875576
73,"Bakersfield, CA",2019,2,4.678605442176871
74,"Bakersfield, CA",2019,3,5.557176139272913
75,"Bakersfield, CA",2019,4,5.727842592592593
76,"Bakersfield, CA",2019,5,6.488621351766513
77,"Bakersfield, CA",2019,6,8.14312037037037
78,"Bakersfield, CA",2019,7,9.535600358422938
79,"Bakersfield, CA",2019,8,8.645330261136714
80,"Bakersfield, CA",2019,9,8.149579365079365
81,"Bakersfield, CA",2019,10,9.573955453149
82,"Bakersfield, CA",2019,11,13.656425925925927
83,"Bakersfield, CA",2019,12,6.688798003072197
84,"Bakersfield, CA",2020,1,9.985739887352791
85,"Bakersfield, CA",2020,2,9.292946086480569
86,"Bakersfield, CA",2020,3,4.513959293394777
87,"Bakersfield, CA",2020,4,6.261904761904762
88,"Bakersfield, CA",2020,5,6.385130568356375
89,"Bakersfield, CA",2020,6,8.15181746031746
90,"Bakersfield, CA",2020,7,11.61884792626728
91,"Bakersfield, CA",2020,8,25.01904249871992
92,"Bakersfield, CA",2020,9,31.700051587301587
93,"Bakersfield, CA",2020,10,22.624984639016898
94,"Bakersfield, CA",2020,11,15.365416666666667
95,"Bakersfield, CA",2020,12,14.393609831029186
96,"Bakersfield, CA",2021,1,14.251242959549412
97,"Bakersfield, CA",2021,2,10.456505102040817
98,"Bakersfield, CA",2021,3,6.224932155657962
99,"Bakersfield, CA",2021,4,8.004313492063492
100,"Bakersfield, CA",2021,5,7.639458525345622
101,"Bakersfield, CA",2021,6,8.908322751322752
102,"Bakersfield, CA",2021,7,9.246121351766513
103,"Bakersfield, CA",2021,8,19.957087813620074
104,"Bakersfield, CA",2021,9,17.98534126984127
105,"Bakersfield, CA",2021,10,13.590883256528418
106,"Bakersfield, CA",2021,11,18.22166402116402
107,"Bakersfield, CA",2021,12,13.803149001536099
108,"Bakersfield, CA",2022,1,15.762213261648746
109,"Bakersfield, CA",2022,2,11.284404761904762
110,"Bakersfield, CA",2022,3,6.505184331797235
111,"Bakersfield, CA",2022,4,7.281095238095237
112,"Bakersfield, CA",2022,5,6.958241167434716
113,"Bakersfield, CA",2022,6,6.999547619047619
114,"Bakersfield, CA",2022,7,8.661705069124425
115,"Bakersfield, CA",2022,8,9.58279569892473
116,"Bakersfield, CA",2022,9,10.456444444444445
117,"Bakersfield, CA",2022,10,9.813333333333333
118,"Bakersfield, CA",2022,11,14.756896825396826
119,"Bakersfield, CA",2022,12,13.237196620583719
120,"Bangor, ME",2013,1,7.726344086021505
121,"Bangor, ME",2013,2,6.686904761904762
122,"Bangor, ME",2013,3,4.439247311827957
123,"Bangor, ME",2013,4,5.274444444444444
124,"Bangor, ME",2013,5,3.95
125,"Bangor, ME",2013,6,6.297777777777778
126,"Bangor, ME",2013,7,8.026344086021505
127,"Bangor, ME",2013,8,6.209677419354839
128,"Bangor, ME",2013,9,4.023888888888889
129,"Bangor, ME",2013,10,5.17741935483871
130,"Bangor, ME",2013,11,7.172222222222222
131,"Bangor, ME",2013,12,3.744070512820513
132,"Bangor, ME",2014,1,5.9192307692307695
133,"Bangor, ME",2014,2,10.174999999999999
134,"Bangor, ME",2014,3,7.843548387096774
135,"Bangor, ME",2014,4,5.141666666666667
136,"Bangor, ME",2014,5,3.353225806451613
137,"Bangor, ME",2014,6,4.24
138,"Bangor, ME",2014,7,6.796774193548386
139,"Bangor, ME",2014,8,4.956451612903226
140,"Bangor, ME",2014,9,4.161666666666667
141,"Bangor, ME",2014,10,3.708064516129032
142,"Bangor, ME",2014,11,8.685
143,"Bangor, ME",2014,12,4.538709677419354
144,"Bangor, ME",2015,1,8.408602150537636
145,"Bangor, ME",2015,2,8.716071428571428
146,"Bangor, ME",2015,3,8.0
147,"Bangor, ME",2015,4,4.173333333333334
148,"Bangor, ME",2015,5,3.811290322580645
149,"Bangor, ME",2015,6,2.921666666666667
150,"Bangor, ME",2015,7,7.826881720430107
151,"Bangor, ME",2015,8,4.862634408602151
152,"Bangor, ME",2015,9,7.377777777777778
153,"Bangor, ME",2015,10,5.769086021505377
154,"Bangor, ME",2015,11,8.434722222222222
155,"Bangor, ME",2015,12,7.999731182795699
156,"Bangor, ME",2016,1,10.13252688172043
157,"Bangor, ME",2016,2,8.592816091954022
158,"Bangor, ME",2016,3,7.214516129032258
159,"Bangor, ME",2016,4,6.623333333333333
160,"Bangor, ME",2016,5,5.1114247311827965
161,"Bangor, ME",2016,6,5.809166666666667
162,"Bangor, ME",2016,7,5.002284946236559
163,"Bangor, ME",2016,8,4.3925
164,"Bangor, ME",2016,9,4.369827586206897
165,"Bangor, ME",2016,10,6.465860215053763
166,"Bangor, ME",2016,11,8.409444444444444
167,"Bangor, ME",2016,12,10.97258064516129
168,"Bangor, ME",2017,1,6.132795698924731
169,"Bangor, ME",2017,2,5.865922619047619
170,"Bangor, ME",2017,3,4.793548387096774
171,"Bangor, ME",2017,4,3.235
172,"Bangor, ME",2017,5,2.115322580645161
173,"Bangor, ME",2017,6,4.465833333333333
174,"Bangor, ME",2017,7,5.573655913978494
175,"Bangor, ME",2017,8,5.625268817204301
176,"Bangor, ME",2017,9,5.7275
177,"Bangor, ME",2017,10,3.473225806451613
178,"Bangor, ME",2017,11,5.411944444444445
179,"Bangor, ME",2017,12,5.973225806451613
180,"Bangor, ME",2018,1,6.98494623655914
181,"Bangor, ME",2018,2,6.701904761904762
182,"Bangor, ME",2018,3,2.7831182795698926
183,"Bangor, ME",2018,4,3.2547777777777775
184,"Bangor, ME",2018,5,3.9068279569892472
185,"Bangor, ME",2018,6,4.352222222222222
186,"Bangor, ME",2018,7,6.154462365591398
187,"Bangor, ME",2018,8,6.498064516129032
188,"Bangor, ME",2018,9,4.143888888888889
189,"Bangor, ME",2018,10,4.032903225806452
190,"Bangor, ME",2018,11,5.143666666666666
191,"Bangor, ME",2018,12,5.7961827956989245
192,"Bangor, ME",2019,1,4.793548387096774
193,"Bangor, ME",2019,2,4.7425
194,"Bangor, ME",2019,3,4.46731182795699
195,"Bangor, ME",2019,4,2.1090555555555555
196,"Bangor, ME",2019,5,1.9240860215053763
197,"Bangor, ME",2019,6,3.3106944444444446
198,"Bangor, ME",2019,7,6.830645161290323
199,"Bangor, ME",2019,8,5.026344086021505
200,"Bangor, ME",2019,9,4.412222222222223
201,"Bangor, ME",2019,10,3.615591397849462
202,"Bangor, ME",2019,11,3.7572222222222225
203,"Bangor, ME",2019,12,4.762365591397849
204,"Bangor, ME",2020,1,5.33225806451613
205,"Bangor, ME",2020,2,5.281034482758621
206,"Bangor, ME",2020,3,3.4704301075268815
207,"Bangor, ME",2020,4,2.9759722222222225
208,"Bangor, ME",2020,5,2.888978494623656
209,"Bangor, ME",2020,6,4.489999999999999
210,"Bangor, ME",2020,7,4.511290322580645
211,"Bangor, ME",2020,8,4.759677419354839
212,"Bangor, ME",2020,9,3.253333333333333
213,"Bangor, ME",2020,10,4.596774193548387
214,"Bangor, ME",2020,11,5.881666666666666
215,"Bangor, ME",2020,12,4.632661290322581
216,"Bangor, ME",2021,1,4.558064516129033
217,"Bangor, ME",2021,2,4.714285714285714
218,"Bangor, ME",2021,3,3.5983870967741933
219,"Bangor, ME",2021,4,2.2983333333333333
220,"Bangor, ME",2021,5,3.8389784946236563
221,"Bangor, ME",2021,6,5.52
222,"Bangor, ME",2021,7,5.522580645161291
223,"Bangor, ME",2021,8,5.600806451612903
224,"Bangor, ME",2021,9,2.393333333333333
225,"Bangor, ME",2021,10,3.064516129032258
226,"Bangor, ME",2021,11,4.136666666666667
227,"Bangor, ME",2021,12,3.851612903225807
228,"Bangor, ME",2022,1,7.337096774193548
229,"Bangor, ME",2022,2,4.819642857142857
230,"Bangor, ME",2022,3,4.695161290322581
231,"Bangor, ME",2022,4,2.5166666666666666
232,"Bangor, ME",2022,5,3.198611111111111
233,"Bangor, ME",2022,6,3.9266666666666667
234,"Bangor, ME",2022,7,6.870967741935484
235,"Bangor, ME",2022,8,5.206451612903226
236,"Bangor, ME",2022,9,3.9566666666666666
237,"Bangor, ME",2022,10,4.538709677419354
238,"Bangor, ME",2022,11,4.556666666666667
239,"Bangor, ME",2022,12,4.7172043010752684
240,"Cheyenne, WY",2013,1,1.6126344086021505
241,"Cheyenne, WY",2013,2,1.5739136904761906
242,"Cheyenne, WY",2013,3,3.325
243,"Cheyenne, WY",2013,4,2.6661111111111113
244,"Cheyenne, WY",2013,5,2.8191397849462363
245,"Cheyenne, WY",2013,6,5.38
246,"Cheyenne, WY",2013,7,4.066881720430108
247,"Cheyenne, WY",2013,8,3.513763440860215
248,"Cheyenne, WY",2013,9,1.4604444444444444
249,"Cheyenne, WY",2013,10,2.4219354838709677
250,"Cheyenne, WY",2013,11,2.4233333333333333
251,"Cheyenne, WY",2013,12,2.1655913978494628
252,"Cheyenne, WY",2014,1,0.9713440860215053
253,"Cheyenne, WY",2014,2,4.411904761904762
254,"Cheyenne, WY",2014,3,2.470698924731183
255,"Cheyenne, WY",2014,4,2.2715555555555556
256,"Cheyenne, WY",2014,5,2.487688172043011
257,"Cheyenne, WY",2014,6,2.6820158730158727
258,"Cheyenne, WY",2014,7,7.603333333333333
259,"Cheyenne, WY",2014,8,5.466989247311828
260,"Cheyenne, WY",2014,9,5.596055555555555
261,"Cheyenne, WY",2014,10,4.360698924731183
262,"Cheyenne, WY",2014,11,4.181777777777778
263,"Cheyenne, WY",2014,12,3.8540860215053767
264,"Cheyenne, WY",2015,1,4.105752688172043
265,"Cheyenne, WY",2015,2,4.42595238095238
266,"Cheyenne, WY",2015,3,4.851142473118279
267,"Cheyenne, WY",2015,4,4.898611111111111
268,"Cheyenne, WY",2015,5,3.292688172043011
269,"Cheyenne, WY",2015,6,3.9189351851851852
270,"Cheyenne, WY",2015,7,5.932258064516129
271,"Cheyenne, WY",2015,8,7.586451612903226
272,"Cheyenne, WY",2015,9,3.3644444444444446
273,"Cheyenne, WY",2015,10,3.3578494623655915
274,"Cheyenne, WY",2015,11,2.774
275,"Cheyenne, WY",2015,12,2.990268817204301
276,"Cheyenne, WY",2016,1,3.0029032258064516
277,"Cheyenne, WY",2016,2,2.946609195402299
278,"Cheyenne, WY",2016,3,3.283333333333333
279,"Cheyenne, WY",2016,4,3.3020555555555555
280,"Cheyenne, WY",2016,5,4.488924731182796
281,"Cheyenne, WY",2016,6,5.449888888888889
282,"Cheyenne, WY",2016,7,5.9890860215053765
283,"Cheyenne, WY",2016,8,5.607956989247311
284,"Cheyenne, WY",2016,9,4.675722222222222
285,"Cheyenne, WY",2016,10,4.623387096774193
286,"Cheyenne, WY",2016,11,4.8945
287,"Cheyenne, WY",2016,12,5.221505376344086
288,"Cheyenne, WY",2017,1,4.9195161290322575
289,"Cheyenne, WY",2017,2,3.325833333333333
290,"Cheyenne, WY",2017,3,3.7290860215053767
291,"Cheyenne, WY",2017,4,2.206888888888889
292,"Cheyenne, WY",2017,5,2.0098924731182795
293,"Cheyenne, WY",2017,6,3.291055555555556
294,"Cheyenne, WY",2017,7,4.462634408602151
295,"Cheyenne, WY",2017,8,6.1362365591397845
296,"Cheyenne, WY",2017,9,10.064458333333334
297,"Cheyenne, WY",2017,10,1.827956989247312
298,"Cheyenne, WY",2017,11,1.7577777777777779
299,"Cheyenne, WY",2017,12,2.5867741935483872
300,"Cheyenne, WY",2018,1,1.2086021505376345
301,"Cheyenne, WY",2018,2,3.2544642857142856
302,"Cheyenne, WY",2018,3,1.4599462365591398
303,"Cheyenne, WY",2018,4,2.6991666666666663
304,"Cheyenne, WY",2018,5,2.352956989247312
305,"Cheyenne, WY",2018,6,3.9180555555555556
306,"Cheyenne, WY",2018,7,5.478494623655914
307,"Cheyenne, WY",2018,8,10.813172043010752
308,"Cheyenne, WY",2018,9,4.611666666666666
309,"Cheyenne, WY",2018,10,1.9525134408602152
310,"Cheyenne, WY",2018,11,1.7134523809523807
311,"Cheyenne, WY",2018,12,2.2368279569892473
312,"Cheyenne, WY",2019,1,2.0918279569892473
313,"Cheyenne, WY",2019,2,5.134311224489795
314,"Cheyenne, WY",2019,3,3.866536098310292
315,"Cheyenne, WY",2019,4,2.3275555555555556
316,"Cheyenne, WY",2019,5,2.393440860215054
317,"Cheyenne, WY",2019,6,2.584134920634921
318,"Cheyenne, WY",2019,7,4.514239631336405
319,"Cheyenne, WY",2019,8,4.109769585253456
320,"Cheyenne, WY",2019,9,4.163749999999999
321,"Cheyenne, WY",2019,10,3.8837403993855606
322,"Cheyenne, WY",2019,11,2.7045079365079365
323,"Cheyenne, WY",2019,12,1.6720814132104453
324,"Cheyenne, WY",2020,1,1.6069508448540706
325,"Cheyenne, WY",2020,2,1.969408866995074
326,"Cheyenne, WY",2020,3,1.931820276497696
327,"Cheyenne, WY",2020,4,2.537777777777778
328,"Cheyenne, WY",2020,5,2.385483870967742
329,"Cheyenne, WY",2020,6,2.8379444444444446
330,"Cheyenne, WY",2020,7,4.1
331,"Cheyenne, WY",2020,8,8.899999999999999
332,"Cheyenne, WY",2020,9,11.985000000000001
333,"Cheyenne, WY",2020,10,10.750537634408602
334,"Cheyenne, WY",2020,11,2.0244444444444443
335,"Cheyenne, WY",2020,12,0.860752688172043
336,"Cheyenne, WY",2021,1,1.1935483870967742
337,"Cheyenne, WY",2021,2,3.437037037037037
338,"Cheyenne, WY",2021,3,2.5186827956989246
339,"Cheyenne, WY",2021,4,2.1
340,"Cheyenne, WY",2021,5,1.7588709677419354
341,"Cheyenne, WY",2021,6,4.137222222222222
342,"Cheyenne, WY",2021,7,7.898252688172043
343,"Cheyenne, WY",2021,8,15.63225806451613
344,"Cheyenne, WY",2021,9,8.387777777777778
345,"Cheyenne, WY",2021,10,4.2655913978494615
346,"Cheyenne, WY",2021,11,4.424444444444445
347,"Cheyenne, WY",2021,12,4.679569892473118
348,"Cheyenne, WY",2022,1,3.8548387096774195
349,"Cheyenne, WY",2022,2,4.6309523809523805
350,"Cheyenne, WY",2022,3,4.78763440860215
351,"Cheyenne, WY",2022,4,7.105555555555555
352,"Cheyenne, WY",2022,5,5.347715053763441
353,"Cheyenne, WY",2022,6,5.810555555555555
354,"Cheyenne, WY",2022,7,5.461290322580646
355,"Cheyenne, WY",2022,8,4.827598566308244
356,"Cheyenne, WY",2022,9,6.038333333333333
357,"Cheyenne, WY",2022,10,3.956451612903226
358,"Cheyenne, WY",2022,11,3.9775
359,"Cheyenne, WY",2022,12,4.362903225806452
360,"Fresno, CA",2013,1,24.896615463389658
361,"Fresno, CA",2013,2,16.479742063492065
362,"Fresno, CA",2013,3,9.55281490015361
363,"Fresno, CA",2013,4,7.581246031746032
364,"Fresno, CA",2013,5,8.971451612903227
365,"Fresno, CA",2013,6,8.327099206349207
366,"Fresno, CA",2013,7,11.826925243215566
367,"Fresno, CA",2013,8,9.133485663082435
368,"Fresno, CA",2013,9,8.234572751322752
369,"Fresno, CA",2013,10,11.920257296466973
370,"Fresno, CA",2013,11,20.232620370370373
371,"Fresno, CA",2013,12,35.228046594982075
372,"Fresno, CA",2014,1,35.48251792114696
373,"Fresno, CA",2014,2,12.272757936507938
374,"Fresno, CA",2014,3,6.862974910394265
375,"Fresno, CA",2014,4,7.413083333333334
376,"Fresno, CA",2014,5,6.748749359959038
377,"Fresno, CA",2014,6,8.119675925925925
378,"Fresno, CA",2014,7,10.053746799795187
379,"Fresno, CA",2014,8,10.504265232974909
380,"Fresno, CA",2014,9,11.400683862433862
381,"Fresno, CA",2014,10,10.06931899641577
382,"Fresno, CA",2014,11,23.764935185185188
383,"Fresno, CA",2014,12,13.298565028161802
384,"Fresno, CA",2015,1,29.620179211469534
385,"Fresno, CA",2015,2,16.1890306122449
386,"Fresno, CA",2015,3,8.199306195596519
387,"Fresno, CA",2015,4,7.107334656084657
388,"Fresno, CA",2015,5,7.122974910394266
389,"Fresno, CA",2015,6,8.889808201058202
390,"Fresno, CA",2015,7,8.951372247823862
391,"Fresno, CA",2015,8,11.628933691756274
392,"Fresno, CA",2015,9,11.725740740740742
393,"Fresno, CA",2015,10,10.641510496671787
394,"Fresno, CA",2015,11,16.5972208994709
395,"Fresno, CA",2015,12,16.998521505376342
396,"Fresno, CA",2016,1,14.49386712749616
397,"Fresno, CA",2016,2,15.497751903269146
398,"Fresno, CA",2016,3,7.115618279569893
399,"Fresno, CA",2016,4,6.565526815776816
400,"Fresno, CA",2016,5,5.896749755620723
401,"Fresno, CA",2016,6,6.733571669071669
402,"Fresno, CA",2016,7,8.950341898245124
403,"Fresno, CA",2016,8,12.067680375180375
404,"Fresno, CA",2016,9,10.393336099086099
405,"Fresno, CA",2016,10,7.582664548712936
406,"Fresno, CA",2016,11,15.717071428571428
407,"Fresno, CA",2016,12,17.723999441418794
408,"Fresno, CA",2017,1,8.215193874226133
409,"Fresno, CA",2017,2,6.409673778602349
410,"Fresno, CA",2017,3,7.7672110505981475
411,"Fresno, CA",2017,4,5.8851587301587305
412,"Fresno, CA",2017,5,7.604327026020575
413,"Fresno, CA",2017,6,7.241441077441078
414,"Fresno, CA",2017,7,9.90630265791556
415,"Fresno, CA",2017,8,13.598233486943165
416,"Fresno, CA",2017,9,12.3827594997595
417,"Fresno, CA",2017,10,14.88747707489643
418,"Fresno, CA",2017,11,14.222664742664742
419,"Fresno, CA",2017,12,34.624436880323984
420,"Fresno, CA",2018,1,21.329512637899732
421,"Fresno, CA",2018,2,14.739189857761286
422,"Fresno, CA",2018,3,5.257752176139273
423,"Fresno, CA",2018,4,6.337809523809524
424,"Fresno, CA",2018,5,6.302282502443793
425,"Fresno, CA",2018,6,7.629012506012506
426,"Fresno, CA",2018,7,13.155818437834567
427,"Fresno, CA",2018,8,22.92298666387376
428,"Fresno, CA",2018,9,10.266188672438672
429,"Fresno, CA",2018,10,9.333085695666341
430,"Fresno, CA",2018,11,24.882112554112553
431,"Fresno, CA",2018,12,16.145401596611272
432,"Fresno, CA",2019,1,13.86047107014849
433,"Fresno, CA",2019,2,5.6473002989074415
434,"Fresno, CA",2019,3,4.854902946515849
435,"Fresno, CA",2019,4,6.038366402116401
436,"Fresno, CA",2019,5,5.799202508960573
437,"Fresno, CA",2019,6,7.574326599326599
438,"Fresno, CA",2019,7,8.328113159242193
439,"Fresno, CA",2019,8,8.311187916026627
440,"Fresno, CA",2019,9,6.709893698893699
441,"Fresno, CA",2019,10,10.502977470558115
442,"Fresno, CA",2019,11,15.3491917989418
443,"Fresno, CA",2019,12,9.435437788018433
444,"Fresno, CA",2020,1,13.471260298840944
445,"Fresno, CA",2020,2,12.372961636065083
446,"Fresno, CA",2020,3,4.737060815528558
447,"Fresno, CA",2020,4,5.187534872534872
448,"Fresno, CA",2020,5,5.0445648885165015
449,"Fresno, CA",2020,6,6.4234494949494945
450,"Fresno, CA",2020,7,9.333250244379276
451,"Fresno, CA",2020,8,31.14564027370479
452,"Fresno, CA",2020,9,45.42130423280423
453,"Fresno, CA",2020,10,29.461272168691522
454,"Fresno, CA",2020,11,18.865093795093795
455,"Fresno, CA",2020,12,20.022087697248985
456,"Fresno, CA",2021,1,17.073675115207372
457,"Fresno, CA",2021,2,10.153337585034013
458,"Fresno, CA",2021,3,6.503065796210958
459,"Fresno, CA",2021,4,7.404664021164021
460,"Fresno, CA",2021,5,6.907741935483871
461,"Fresno, CA",2021,6,7.340619047619048
462,"Fresno, CA",2021,7,9.702515360983103
463,"Fresno, CA",2021,8,23.337670250896057
464,"Fresno, CA",2021,9,14.858476190476189
465,"Fresno, CA",2021,10,19.118643113159244
466,"Fresno, CA",2021,11,18.550964285714283
467,"Fresno, CA",2021,12,13.466017665130568
468,"Fresno, CA",2022,1,21.735106246799795
469,"Fresno, CA",2022,2,13.380527210884354
470,"Fresno, CA",2022,3,7.099491807475679
471,"Fresno, CA",2022,4,6.2898875661375655
472,"Fresno, CA",2022,5,6.193087557603687
473,"Fresno, CA",2022,6,6.117619047619048
474,"Fresno, CA",2022,7,8.09426267281106
475,"Fresno, CA",2022,8,9.062323348694315
476,"Fresno, CA",2022,9,9.546349206349207
477,"Fresno, CA",2022,10,9.624116743471582
478,"Fresno, CA",2022,11,14.571904761904761
479,"Fresno, CA",2022,12,13.26376728110599
480,"Kahului-Wailuku-Lahaina, HI",2013,1,6.862903225806452
481,"Kahului-Wailuku-Lahaina, HI",2013,2,6.083928571428571
482,"Kahului-Wailuku-Lahaina, HI",2013,3,7.14489247311828
483,"Kahului-Wailuku-Lahaina, HI",2013,4,8.810555555555556
484,"Kahului-Wailuku-Lahaina, HI",2013,5,6.868817204301076
485,"Kahului-Wailuku-Lahaina, HI",2013,6,6.148888888888889
486,"Kahului-Wailuku-Lahaina, HI",2013,7,4.6456989247311835
487,"Kahului-Wailuku-Lahaina, HI",2013,8,4.748924731182796
488,"Kahului-Wailuku-Lahaina, HI",2013,9,3.4783333333333335
489,"Kahului-Wailuku-Lahaina, HI",2013,10,4.79516129032258
490,"Kahului-Wailuku-Lahaina, HI",2013,11,6.068333333333333
491,"Kahului-Wailuku-Lahaina, HI",2013,12,5.387096774193548
492,"Kahului-Wailuku-Lahaina, HI",2014,1,5.683333333333334
493,"Kahului-Wailuku-Lahaina, HI",2014,2,5.511904761904762
494,"Kahului-Wailuku-Lahaina, HI",2014,3,5.729569892473118
495,"Kahului-Wailuku-Lahaina, HI",2014,4,5.888888888888888
496,"Kahului-Wailuku-Lahaina, HI",2014,5,6.277956989247312
497,"Kahului-Wailuku-Lahaina, HI",2014,6,3.912916666666667
498,"Kahului-Wailuku-Lahaina, HI",2014,7,2.661290322580645
499,"Kahului-Wailuku-Lahaina, HI",2014,8,3.2738782051282054
500,"Kahului-Wailuku-Lahaina, HI",2014,9,1.68875
501,"Kahului-Wailuku-Lahaina, HI",2014,10,2.2849910394265236
502,"Kahului-Wailuku-Lahaina, HI",2014,11,3.7849999999999997
503,"Kahului-Wailuku-Lahaina, HI",2014,12,3.311021505376344
504,"Kahului-Wailuku-Lahaina, HI",2015,1,6.203225806451614
505,"Kahului-Wailuku-Lahaina, HI",2015,2,6.005952380952381
506,"Kahului-Wailuku-Lahaina, HI",2015,3,5.108064516129032
507,"Kahului-Wailuku-Lahaina, HI",2015,4,5.322500000000001
508,"Kahului-Wailuku-Lahaina, HI",2015,5,5.44247311827957
509,"Kahului-Wailuku-Lahaina, HI",2015,6,4.130833333333333
510,"Kahului-Wailuku-Lahaina, HI",2015,7,4.40752688172043
511,"Kahului-Wailuku-Lahaina, HI",2015,8,5.244623655913979
512,"Kahului-Wailuku-Lahaina, HI",2015,9,4.262777777777778
513,"Kahului-Wailuku-Lahaina, HI",2015,10,3.9274193548387095
514,"Kahului-Wailuku-Lahaina, HI",2015,11,3.2530555555555556
515,"Kahului-Wailuku-Lahaina, HI",2015,12,3.258870967741936
516,"Kahului-Wailuku-Lahaina, HI",2016,1,5.496774193548387
517,"Kahului-Wailuku-Lahaina, HI",2016,2,5.173563218390805
518,"Kahului-Wailuku-Lahaina, HI",2016,3,5.356451612903226
519,"Kahului-Wailuku-Lahaina, HI",2016,4,3.5116666666666663
520,"Kahului-Wailuku-Lahaina, HI",2016,5,2.3067204301075273
521,"Kahului-Wailuku-Lahaina, HI",2016,6,1.601388888888889
522,"Kahului-Wailuku-Lahaina, HI",2016,7,2.1177419354838714
523,"Kahului-Wailuku-Lahaina, HI",2016,8,2.775268817204301
524,"Kahului-Wailuku-Lahaina, HI",2016,9,2.698888888888889
525,"Kahului-Wailuku-Lahaina, HI",2016,10,3.5190860215053763
526,"Kahului-Wailuku-Lahaina, HI",2016,11,3.9875
527,"Kahului-Wailuku-Lahaina, HI",2016,12,3.298655913978495
528,"Kahului-Wailuku-Lahaina, HI",2017,1,4.6470430107526886
529,"Kahului-Wailuku-Lahaina, HI",2017,2,3.513988095238095
530,"Kahului-Wailuku-Lahaina, HI",2017,3,4.022311827956989
531,"Kahului-Wailuku-Lahaina, HI",2017,4,4.0633333333333335
532,"Kahului-Wailuku-Lahaina, HI",2017,5,4.506451612903225
533,"Kahului-Wailuku-Lahaina, HI",2017,6,4.307222222222222
534,"Kahului-Wailuku-Lahaina, HI",2017,7,4.094623655913979
535,"Kahului-Wailuku-Lahaina, HI",2017,8,3.4881720430107523
536,"Kahului-Wailuku-Lahaina, HI",2017,9,3.695
537,"Kahului-Wailuku-Lahaina, HI",2017,10,4.412903225806452
538,"Kahului-Wailuku-Lahaina, HI",2017,11,3.887222222222222
539,"Kahului-Wailuku-Lahaina, HI",2017,12,4.0112903225806456
540,"Kahului-Wailuku-Lahaina, HI",2018,1,3.801075268817204
541,"Kahului-Wailuku-Lahaina, HI",2018,2,4.917261904761905
542,"Kahului-Wailuku-Lahaina, HI",2018,3,4.619354838709677
543,"Kahului-Wailuku-Lahaina, HI",2018,4,4.274444444444445
544,"Kahului-Wailuku-Lahaina, HI",2018,5,4.066666666666666
545,"Kahului-Wailuku-Lahaina, HI",2018,6,3.7977777777777777
546,"Kahului-Wailuku-Lahaina, HI",2018,7,4.848387096774194
547,"Kahului-Wailuku-Lahaina, HI",2018,8,3.046236559139785
548,"Kahului-Wailuku-Lahaina, HI",2018,9,3.2005555555555554
549,"Kahului-Wailuku-Lahaina, HI",2018,10,1.9559139784946236
550,"Kahului-Wailuku-Lahaina, HI",2018,11,3.371666666666667
551,"Kahului-Wailuku-Lahaina, HI",2018,12,2.8989247311827957
552,"Kahului-Wailuku-Lahaina, HI",2019,1,3.894354838709677
553,"Kahului-Wailuku-Lahaina, HI",2019,2,2.048511904761905
554,"Kahului-Wailuku-Lahaina, HI",2019,3,3.095698924731183
555,"Kahului-Wailuku-Lahaina, HI",2019,4,4.066111111111111
556,"Kahului-Wailuku-Lahaina, HI",2019,5,2.546774193548387
557,"Kahului-Wailuku-Lahaina, HI",2019,6,3.0933333333333333
558,"Kahului-Wailuku-Lahaina, HI",2019,7,6.688172043010752
559,"Kahului-Wailuku-Lahaina, HI",2019,8,3.5978494623655912
560,"Kahului-Wailuku-Lahaina, HI",2019,9,3.271666666666667
561,"Kahului-Wailuku-Lahaina, HI",2019,10,3.103225806451613
562,"Kahului-Wailuku-Lahaina, HI",2019,11,2.6605555555555553
563,"Kahului-Wailuku-Lahaina, HI",2019,12,3.5731182795698926
564,"Kahului-Wailuku-Lahaina, HI",2020,1,3.9182795698924733
565,"Kahului-Wailuku-Lahaina, HI",2020,2,2.074404761904762
566,"Kahului-Wailuku-Lahaina, HI",2020,3,3.1370967741935485
567,"Kahului-Wailuku-Lahaina, HI",2020,4,2.9733333333333336
568,"Kahului-Wailuku-Lahaina, HI",2020,5,2.7333333333333334
569,"Kahului-Wailuku-Lahaina, HI",2020,6,2.854444444444445
570,"Kahului-Wailuku-Lahaina, HI",2020,7,3.338172043010753
571,"Kahului-Wailuku-Lahaina, HI",2020,8,2.89247311827957
572,"Kahului-Wailuku-Lahaina, HI",2020,9,3.0144444444444445
573,"Kahului-Wailuku-Lahaina, HI",2020,10,3.199462365591398
574,"Kahului-Wailuku-Lahaina, HI",2020,11,1.9381944444444446
575,"Kahului-Wailuku-Lahaina, HI",2020,12,3.504301075268817
576,"Kahului-Wailuku-Lahaina, HI",2021,1,3.2763440860215054
577,"Kahului-Wailuku-Lahaina, HI",2021,2,3.4886904761904765
578,"Kahului-Wailuku-Lahaina, HI",2021,3,3.7763440860215054
579,"Kahului-Wailuku-Lahaina, HI",2021,4,3.003888888888889
580,"Kahului-Wailuku-Lahaina, HI",2021,5,3.2010752688172044
581,"Kahului-Wailuku-Lahaina, HI",2021,6,2.587777777777778
582,"Kahului-Wailuku-Lahaina, HI",2021,7,2.967204301075269
583,"Kahului-Wailuku-Lahaina, HI",2021,8,2.5919354838709676
584,"Kahului-Wailuku-Lahaina, HI",2021,9,2.4866666666666664
585,"Kahului-Wailuku-Lahaina, HI",2021,10,2.07244623655914
586,"Kahului-Wailuku-Lahaina, HI",2021,11,2.68
587,"Kahului-Wailuku-Lahaina, HI",2021,12,2.7236559139784946
588,"Kahului-Wailuku-Lahaina, HI",2022,1,2.7903225806451615
589,"Kahului-Wailuku-Lahaina, HI",2022,2,2.550892857142857
590,"Kahului-Wailuku-Lahaina, HI",2022,3,3.2483870967741937
591,"Kahului-Wailuku-Lahaina, HI",2022,4,5.16
592,"Kahului-Wailuku-Lahaina, HI",2022,5,5.209677419354839
593,"Kahului-Wailuku-Lahaina, HI",2022,6,3.3233333333333333
594,"Kahului-Wailuku-Lahaina, HI",2022,7,3.8806451612903223
595,"Kahului-Wailuku-Lahaina, HI",2022,8,3.5999999999999996
596,"Kahului-Wailuku-Lahaina, HI",2022,9,3.0566666666666666
597,"Kahului-Wailuku-Lahaina, HI",2022,10,3.424193548387097
598,"Kahului-Wailuku-Lahaina, HI",2022,11,4.336666666666667
599,"Kahului-Wailuku-Lahaina, HI",2022,12,4.34516129032258
600,"Los Angeles-Long Beach-Anaheim, CA",2013,1,10.775721066819074
601,"Los Angeles-Long Beach-Anaheim, CA",2013,2,11.5860374670183
602,"Los Angeles-Long Beach-Anaheim, CA",2013,3,14.040365411902469
603,"Los Angeles-Long Beach-Anaheim, CA",2013,4,10.645397867578646
604,"Los Angeles-Long Beach-Anaheim, CA",2013,5,12.254287502590577
605,"Los Angeles-Long Beach-Anaheim, CA",2013,6,11.916965289664146
606,"Los Angeles-Long Beach-Anaheim, CA",2013,7,12.532002643842056
607,"Los Angeles-Long Beach-Anaheim, CA",2013,8,12.907056527205969
608,"Los Angeles-Long Beach-Anaheim, CA",2013,9,11.021955528870107
609,"Los Angeles-Long Beach-Anaheim, CA",2013,10,14.17867876040202
610,"Los Angeles-Long Beach-Anaheim, CA",2013,11,11.77274986709197
611,"Los Angeles-Long Beach-Anaheim, CA",2013,12,13.554887529281762
612,"Los Angeles-Long Beach-Anaheim, CA",2014,1,19.639387974110974
613,"Los Angeles-Long Beach-Anaheim, CA",2014,2,13.609770150484437
614,"Los Angeles-Long Beach-Anaheim, CA",2014,3,11.681271148733197
615,"Los Angeles-Long Beach-Anaheim, CA",2014,4,11.72595547195024
616,"Los Angeles-Long Beach-Anaheim, CA",2014,5,13.457020783875622
617,"Los Angeles-Long Beach-Anaheim, CA",2014,6,18.326931263181265
618,"Los Angeles-Long Beach-Anaheim, CA",2014,7,15.16609156076898
619,"Los Angeles-Long Beach-Anaheim, CA",2014,8,13.554982544337383
620,"Los Angeles-Long Beach-Anaheim, CA",2014,9,12.823381313131312
621,"Los Angeles-Long Beach-Anaheim, CA",2014,10,14.853963133640553
622,"Los Angeles-Long Beach-Anaheim, CA",2014,11,10.684020664520665
623,"Los Angeles-Long Beach-Anaheim, CA",2014,12,13.293162955119161
624,"Los Angeles-Long Beach-Anaheim, CA",2015,1,17.66392383133694
625,"Los Angeles-Long Beach-Anaheim, CA",2015,2,18.120734983387294
626,"Los Angeles-Long Beach-Anaheim, CA",2015,3,11.660418754500823
627,"Los Angeles-Long Beach-Anaheim, CA",2015,4,10.621967146959795
628,"Los Angeles-Long Beach-Anaheim, CA",2015,5,11.181164354304771
629,"Los Angeles-Long Beach-Anaheim, CA",2015,6,13.547516785129789
630,"Los Angeles-Long Beach-Anaheim, CA",2015,7,10.985848577945353
631,"Los Angeles-Long Beach-Anaheim, CA",2015,8,13.565537340058214
632,"Los Angeles-Long Beach-Anaheim, CA",2015,9,11.769489823042454
633,"Los Angeles-Long Beach-Anaheim, CA",2015,10,10.374863713608095
634,"Los Angeles-Long Beach-Anaheim, CA",2015,11,8.643998267541999
635,"Los Angeles-Long Beach-Anaheim, CA",2015,12,11.163394406715714
636,"Los Angeles-Long Beach-Anaheim, CA",2016,1,12.049396811686107
637,"Los Angeles-Long Beach-Anaheim, CA",2016,2,10.877542132613348
638,"Los Angeles-Long Beach-Anaheim, CA",2016,3,10.942865099046356
639,"Los Angeles-Long Beach-Anaheim, CA",2016,4,9.582993180795812
640,"Los Angeles-Long Beach-Anaheim, CA",2016,5,9.413870348174992
641,"Los Angeles-Long Beach-Anaheim, CA",2016,6,13.629007027805654
642,"Los Angeles-Long Beach-Anaheim, CA",2016,7,12.865364755750635
643,"Los Angeles-Long Beach-Anaheim, CA",2016,8,12.175106182018322
644,"Los Angeles-Long Beach-Anaheim, CA",2016,9,11.464115171251327
645,"Los Angeles-Long Beach-Anaheim, CA",2016,10,9.402368609365643
646,"Los Angeles-Long Beach-Anaheim, CA",2016,11,11.243996668874816
647,"Los Angeles-Long Beach-Anaheim, CA",2016,12,12.91034269456473
648,"Los Angeles-Long Beach-Anaheim, CA",2017,1,9.751118726763952
649,"Los Angeles-Long Beach-Anaheim, CA",2017,2,8.525057330659243
650,"Los Angeles-Long Beach-Anaheim, CA",2017,3,11.403447094231032
651,"Los Angeles-Long Beach-Anaheim, CA",2017,4,9.846656575017391
652,"Los Angeles-Long Beach-Anaheim, CA",2017,5,10.712801244564401
653,"Los Angeles-Long Beach-Anaheim, CA",2017,6,12.185194734894734
654,"Los Angeles-Long Beach-Anaheim, CA",2017,7,13.833004716091303
655,"Los Angeles-Long Beach-Anaheim, CA",2017,8,13.600510718753945
656,"Los Angeles-Long Beach-Anaheim, CA",2017,9,11.663731756742283
657,"Los Angeles-Long Beach-Anaheim, CA",2017,10,13.771885557283689
658,"Los Angeles-Long Beach-Anaheim, CA",2017,11,11.96707134003099
659,"Los Angeles-Long Beach-Anaheim, CA",2017,12,19.541430745353498
660,"Los Angeles-Long Beach-Anaheim, CA",2018,1,15.823292825516933
661,"Los Angeles-Long Beach-Anaheim, CA",2018,2,11.089484126984127
662,"Los Angeles-Long Beach-Anaheim, CA",2018,3,7.832485135989881
663,"Los Angeles-Long Beach-Anaheim, CA",2018,4,12.110653114057138
664,"Los Angeles-Long Beach-Anaheim, CA",2018,5,9.441848707790983
665,"Los Angeles-Long Beach-Anaheim, CA",2018,6,12.642664825785001
666,"Los Angeles-Long Beach-Anaheim, CA",2018,7,12.712067451197507
667,"Los Angeles-Long Beach-Anaheim, CA",2018,8,15.076602525588058
668,"Los Angeles-Long Beach-Anaheim, CA",2018,9,12.958787301587302
669,"Los Angeles-Long Beach-Anaheim, CA",2018,10,10.899603239210533
670,"Los Angeles-Long Beach-Anaheim, CA",2018,11,12.814561358524516
671,"Los Angeles-Long Beach-Anaheim, CA",2018,12,12.850120009871283
672,"Los Angeles-Long Beach-Anaheim, CA",2019,1,10.389767408972842
673,"Los Angeles-Long Beach-Anaheim, CA",2019,2,6.740379361866204
674,"Los Angeles-Long Beach-Anaheim, CA",2019,3,6.932177975391897
675,"Los Angeles-Long Beach-Anaheim, CA",2019,4,9.04418671679198
676,"Los Angeles-Long Beach-Anaheim, CA",2019,5,8.185871396854418
677,"Los Angeles-Long Beach-Anaheim, CA",2019,6,9.679808026103906
678,"Los Angeles-Long Beach-Anaheim, CA",2019,7,13.12025439108646
679,"Los Angeles-Long Beach-Anaheim, CA",2019,8,10.489367508208431
680,"Los Angeles-Long Beach-Anaheim, CA",2019,9,9.797377644780848
681,"Los Angeles-Long Beach-Anaheim, CA",2019,10,11.468439212084226
682,"Los Angeles-Long Beach-Anaheim, CA",2019,11,14.244682965961914
683,"Los Angeles-Long Beach-Anaheim, CA",2019,12,10.851441273779983
684,"Los Angeles-Long Beach-Anaheim, CA",2020,1,13.934050620824813
685,"Los Angeles-Long Beach-Anaheim, CA",2020,2,11.194070508036024
686,"Los Angeles-Long Beach-Anaheim, CA",2020,3,5.876350799737897
687,"Los Angeles-Long Beach-Anaheim, CA",2020,4,7.7913347162520505
688,"Los Angeles-Long Beach-Anaheim, CA",2020,5,10.140212078711377
689,"Los Angeles-Long Beach-Anaheim, CA",2020,6,8.984349676893155
690,"Los Angeles-Long Beach-Anaheim, CA",2020,7,13.311060832899894
691,"Los Angeles-Long Beach-Anaheim, CA",2020,8,13.122715835507892
692,"Los Angeles-Long Beach-Anaheim, CA",2020,9,23.125787308335156
693,"Los Angeles-Long Beach-Anaheim, CA",2020,10,20.01153063603064
694,"Los Angeles-Long Beach-Anaheim, CA",2020,11,14.695295839359245
695,"Los Angeles-Long Beach-Anaheim, CA",2020,12,14.502179721806208
696,"Los Angeles-Long Beach-Anaheim, CA",2021,1,12.361618135319045
697,"Los Angeles-Long Beach-Anaheim, CA",2021,2,10.876266152541387
698,"Los Angeles-Long Beach-Anaheim, CA",2021,3,8.334549097142014
699,"Los Angeles-Long Beach-Anaheim, CA",2021,4,11.52541534383491
700,"Los Angeles-Long Beach-Anaheim, CA",2021,5,11.213887685246794
701,"Los Angeles-Long Beach-Anaheim, CA",2021,6,9.74301550977203
702,"Los Angeles-Long Beach-Anaheim, CA",2021,7,12.429163630899255
703,"Los Angeles-Long Beach-Anaheim, CA",2021,8,12.672362888008049
704,"Los Angeles-Long Beach-Anaheim, CA",2021,9,12.820703080494384
705,"Los Angeles-Long Beach-Anaheim, CA",2021,10,9.931609649895064
706,"Los Angeles-Long Beach-Anaheim, CA",2021,11,18.006345823594014
707,"Los Angeles-Long Beach-Anaheim, CA",2021,12,16.460511293962906
708,"Los Angeles-Long Beach-Anaheim, CA",2022,1,12.524817149478688
709,"Los Angeles-Long Beach-Anaheim, CA",2022,2,9.532309791011267
710,"Los Angeles-Long Beach-Anaheim, CA",2022,3,9.56270731255654
711,"Los Angeles-Long Beach-Anaheim, CA",2022,4,11.068886269988893
712,"Los Angeles-Long Beach-Anaheim, CA",2022,5,11.428857079813337
713,"Los Angeles-Long Beach-Anaheim, CA",2022,6,11.606963601342471
714,"Los Angeles-Long Beach-Anaheim, CA",2022,7,10.44960659049219
715,"Los Angeles-Long Beach-Anaheim, CA",2022,8,10.28257509377004
716,"Los Angeles-Long Beach-Anaheim, CA",2022,9,10.278517417853331
717,"Los Angeles-Long Beach-Anaheim, CA",2022,10,11.316487455197134
718,"Los Angeles-Long Beach-Anaheim, CA",2022,11,9.655
719,"Los Angeles-Long Beach-Anaheim, CA",2022,12,11.042912186379928
720,"San Francisco-Oakland-Hayward, CA",2013,1,14.205537168924264
721,"San Francisco-Oakland-Hayward, CA",2013,2,9.49607426303855
722,"San Francisco-Oakland-Hayward, CA",2013,3,7.4155408927989575
723,"San Francisco-Oakland-Hayward, CA",2013,4,8.070708273208274
724,"San Francisco-Oakland-Hayward, CA",2013,5,9.486135199925522
725,"San Francisco-Oakland-Hayward, CA",2013,6,7.520996392496392
726,"San Francisco-Oakland-Hayward, CA",2013,7,10.541469184936927
727,"San Francisco-Oakland-Hayward, CA",2013,8,6.492398873527906
728,"San Francisco-Oakland-Hayward, CA",2013,9,6.653721380471381
729,"San Francisco-Oakland-Hayward, CA",2013,10,10.852361285667737
730,"San Francisco-Oakland-Hayward, CA",2013,11,13.00296248196248
731,"San Francisco-Oakland-Hayward, CA",2013,12,17.633853861192573
732,"San Francisco-Oakland-Hayward, CA",2014,1,15.272271330819716
733,"San Francisco-Oakland-Hayward, CA",2014,2,6.888706709956709
734,"San Francisco-Oakland-Hayward, CA",2014,3,7.337745193874226
735,"San Francisco-Oakland-Hayward, CA",2014,4,8.106805555555555
736,"San Francisco-Oakland-Hayward, CA",2014,5,7.532240143369175
737,"San Francisco-Oakland-Hayward, CA",2014,6,9.17771632996633
738,"San Francisco-Oakland-Hayward, CA",2014,7,5.911751384815902
739,"San Francisco-Oakland-Hayward, CA",2014,8,6.684977191267514
740,"San Francisco-Oakland-Hayward, CA",2014,9,9.054395622895623
741,"San Francisco-Oakland-Hayward, CA",2014,10,7.023636130894196
742,"San Francisco-Oakland-Hayward, CA",2014,11,10.297968494468495
743,"San Francisco-Oakland-Hayward, CA",2014,12,8.070948075222269
744,"San Francisco-Oakland-Hayward, CA",2015,1,18.75204301075269
745,"San Francisco-Oakland-Hayward, CA",2015,2,10.084682539682541
746,"San Francisco-Oakland-Hayward, CA",2015,3,8.237759856630824
747,"San Francisco-Oakland-Hayward, CA",2015,4,6.729694444444444
748,"San Francisco-Oakland-Hayward, CA",2015,5,6.26165770609319
749,"San Francisco-Oakland-Hayward, CA",2015,6,7.750862433862434
750,"San Francisco-Oakland-Hayward, CA",2015,7,4.80926523297491
751,"San Francisco-Oakland-Hayward, CA",2015,8,8.904004096262161
752,"San Francisco-Oakland-Hayward, CA",2015,9,6.739120370370371
753,"San Francisco-Oakland-Hayward, CA",2015,10,7.0078942652329745
754,"San Francisco-Oakland-Hayward, CA",2015,11,7.7922314814814815
755,"San Francisco-Oakland-Hayward, CA",2015,12,8.085157450076805
756,"San Francisco-Oakland-Hayward, CA",2016,1,7.913969534050179
757,"San Francisco-Oakland-Hayward, CA",2016,2,8.530172413793103
758,"San Francisco-Oakland-Hayward, CA",2016,3,5.204354838709678
759,"San Francisco-Oakland-Hayward, CA",2016,4,7.146444444444444
760,"San Francisco-Oakland-Hayward, CA",2016,5,7.864381720430107
761,"San Francisco-Oakland-Hayward, CA",2016,6,7.915953703703704
762,"San Francisco-Oakland-Hayward, CA",2016,7,6.375232974910395
763,"San Francisco-Oakland-Hayward, CA",2016,8,6.2731443466927335
764,"San Francisco-Oakland-Hayward, CA",2016,9,9.701630952380953
765,"San Francisco-Oakland-Hayward, CA",2016,10,5.735797491039427
766,"San Francisco-Oakland-Hayward, CA",2016,11,8.096882154882156
767,"San Francisco-Oakland-Hayward, CA",2016,12,8.883936135549039
768,"San Francisco-Oakland-Hayward, CA",2017,1,8.663172857608341
769,"San Francisco-Oakland-Hayward, CA",2017,2,6.49974025974026
770,"San Francisco-Oakland-Hayward, CA",2017,3,6.643483219289671
771,"San Francisco-Oakland-Hayward, CA",2017,4,6.804848484848486
772,"San Francisco-Oakland-Hayward, CA",2017,5,7.920355164548713
773,"San Francisco-Oakland-Hayward, CA",2017,6,8.242818181818182
774,"San Francisco-Oakland-Hayward, CA",2017,7,9.194324698598892
775,"San Francisco-Oakland-Hayward, CA",2017,8,11.125395894428152
776,"San Francisco-Oakland-Hayward, CA",2017,9,14.07730303030303
777,"San Francisco-Oakland-Hayward, CA",2017,10,16.615448843271423
778,"San Francisco-Oakland-Hayward, CA",2017,11,8.88379797979798
779,"San Francisco-Oakland-Hayward, CA",2017,12,16.84649071358749
780,"San Francisco-Oakland-Hayward, CA",2018,1,13.698168784620398
781,"San Francisco-Oakland-Hayward, CA",2018,2,8.903126803751803
782,"San Francisco-Oakland-Hayward, CA",2018,3,6.970045617464971
783,"San Francisco-Oakland-Hayward, CA",2018,4,9.009424242424242
784,"San Francisco-Oakland-Hayward, CA",2018,5,7.694423264907136
785,"San Francisco-Oakland-Hayward, CA",2018,6,10.288070707070707
786,"San Francisco-Oakland-Hayward, CA",2018,7,8.278318670576734
787,"San Francisco-Oakland-Hayward, CA",2018,8,13.595821114369501
788,"San Francisco-Oakland-Hayward, CA",2018,9,10.59231313131313
789,"San Francisco-Oakland-Hayward, CA",2018,10,8.260572662104922
790,"San Francisco-Oakland-Hayward, CA",2018,11,41.133326599326594
791,"San Francisco-Oakland-Hayward, CA",2018,12,8.714584555229715
792,"San Francisco-Oakland-Hayward, CA",2019,1,8.911050830889542
793,"San Francisco-Oakland-Hayward, CA",2019,2,4.097150765900766
794,"San Francisco-Oakland-Hayward, CA",2019,3,4.94222197157681
795,"San Francisco-Oakland-Hayward, CA",2019,4,7.391299922299923
796,"San Francisco-Oakland-Hayward, CA",2019,5,6.264575156026769
797,"San Francisco-Oakland-Hayward, CA",2019,6,7.96825641025641
798,"San Francisco-Oakland-Hayward, CA",2019,7,7.48215204150688
799,"San Francisco-Oakland-Hayward, CA",2019,8,6.718850289495451
800,"San Francisco-Oakland-Hayward, CA",2019,9,6.118884800384801
801,"San Francisco-Oakland-Hayward, CA",2019,10,8.48604281023636
802,"San Francisco-Oakland-Hayward, CA",2019,11,10.896430458430457
803,"San Francisco-Oakland-Hayward, CA",2019,12,6.519245181341955
804,"San Francisco-Oakland-Hayward, CA",2020,1,7.159234904880066
805,"San Francisco-Oakland-Hayward, CA",2020,2,8.462990917128847
806,"San Francisco-Oakland-Hayward, CA",2020,3,5.234871293580971
807,"San Francisco-Oakland-Hayward, CA",2020,4,5.324675602175602
808,"San Francisco-Oakland-Hayward, CA",2020,5,5.9121129408226185
809,"San Francisco-Oakland-Hayward, CA",2020,6,6.587806915306915
810,"San Francisco-Oakland-Hayward, CA",2020,7,7.381379051056471
811,"San Francisco-Oakland-Hayward, CA",2020,8,15.61869614256711
812,"San Francisco-Oakland-Hayward, CA",2020,9,30.86177738927739
813,"San Francisco-Oakland-Hayward, CA",2020,10,14.316191442965637
814,"San Francisco-Oakland-Hayward, CA",2020,11,8.483605283605284
815,"San Francisco-Oakland-Hayward, CA",2020,12,11.106172769882447
816,"San Francisco-Oakland-Hayward, CA",2021,1,8.737460335363561
817,"San Francisco-Oakland-Hayward, CA",2021,2,5.870588786213786
818,"San Francisco-Oakland-Hayward, CA",2021,3,5.735856267388526
819,"San Francisco-Oakland-Hayward, CA",2021,4,8.83995337995338
820,"San Francisco-Oakland-Hayward, CA",2021,5,8.445042108429206
821,"San Francisco-Oakland-Hayward, CA",2021,6,5.911200466200467
822,"San Francisco-Oakland-Hayward, CA",2021,7,6.743108504398827
823,"San Francisco-Oakland-Hayward, CA",2021,8,10.97488344988345
824,"San Francisco-Oakland-Hayward, CA",2021,9,10.075973193473194
825,"San Francisco-Oakland-Hayward, CA",2021,10,5.6077631150211795
826,"San Francisco-Oakland-Hayward, CA",2021,11,9.695813131313132
827,"San Francisco-Oakland-Hayward, CA",2021,12,8.199859889214727
828,"San Francisco-Oakland-Hayward, CA",2022,1,11.114506353861193
829,"San Francisco-Oakland-Hayward, CA",2022,2,8.902186147186146
830,"San Francisco-Oakland-Hayward, CA",2022,3,6.024010263929619
831,"San Francisco-Oakland-Hayward, CA",2022,4,7.144164983164983
832,"San Francisco-Oakland-Hayward, CA",2022,5,7.157204301075269
833,"San Francisco-Oakland-Hayward, CA",2022,6,6.550333333333333
834,"San Francisco-Oakland-Hayward, CA",2022,7,4.7918279569892475
835,"San Francisco-Oakland-Hayward, CA",2022,8,6.682401433691756
836,"San Francisco-Oakland-Hayward, CA",2022,9,8.68
837,"San Francisco-Oakland-Hayward, CA",2022,10,7.463010752688172
838,"San Francisco-Oakland-Hayward, CA",2022,11,8.035925925925927
839,"San Francisco-Oakland-Hayward, CA",2022,12,10.83516129032258
840,"Urban Honolulu, HI",2013,1,6.774247311827957
841,"Urban Honolulu, HI",2013,2,5.347202380952381
842,"Urban Honolulu, HI",2013,3,5.954032258064516
843,"Urban Honolulu, HI",2013,4,6.534777777777777
844,"Urban Honolulu, HI",2013,5,5.082741935483871
845,"Urban Honolulu, HI",2013,6,4.082111111111112
846,"Urban Honolulu, HI",2013,7,3.940698924731183
847,"Urban Honolulu, HI",2013,8,3.462741935483871
848,"Urban Honolulu, HI",2013,9,2.9209444444444443
849,"Urban Honolulu, HI",2013,10,4.237903225806452
850,"Urban Honolulu, HI",2013,11,5.2335
851,"Urban Honolulu, HI",2013,12,3.861774193548387
852,"Urban Honolulu, HI",2014,1,4.539086021505376
853,"Urban Honolulu, HI",2014,2,5.281071428571429
854,"Urban Honolulu, HI",2014,3,4.750752688172043
855,"Urban Honolulu, HI",2014,4,5.890444444444444
856,"Urban Honolulu, HI",2014,5,5.915322580645161
857,"Urban Honolulu, HI",2014,6,3.0532777777777778
858,"Urban Honolulu, HI",2014,7,2.9284946236559137
859,"Urban Honolulu, HI",2014,8,3.9736574074074076
860,"Urban Honolulu, HI",2014,9,2.5166666666666666
861,"Urban Honolulu, HI",2014,10,3.439336917562724
862,"Urban Honolulu, HI",2014,11,4.346111111111111
863,"Urban Honolulu, HI",2014,12,4.08736559139785
864,"Urban Honolulu, HI",2015,1,5.593010752688172
865,"Urban Honolulu, HI",2015,2,6.283630952380952
866,"Urban Honolulu, HI",2015,3,3.9008064516129033
867,"Urban Honolulu, HI",2015,4,4.192777777777778
868,"Urban Honolulu, HI",2015,5,3.8774193548387097
869,"Urban Honolulu, HI",2015,6,2.7647222222222223
870,"Urban Honolulu, HI",2015,7,2.4000000000000004
871,"Urban Honolulu, HI",2015,8,3.949193548387097
872,"Urban Honolulu, HI",2015,9,5.085555555555556
873,"Urban Honolulu, HI",2015,10,5.519086021505377
874,"Urban Honolulu, HI",2015,11,7.105833333333334
875,"Urban Honolulu, HI",2015,12,4.972043010752688
876,"Urban Honolulu, HI",2016,1,6.178494623655914
877,"Urban Honolulu, HI",2016,2,4.474712643678162
878,"Urban Honolulu, HI",2016,3,6.663978494623656
879,"Urban Honolulu, HI",2016,4,4.259444444444444
880,"Urban Honolulu, HI",2016,5,1.6510752688172043
881,"Urban Honolulu, HI",2016,6,1.9122222222222223
882,"Urban Honolulu, HI",2016,7,1.7349462365591397
883,"Urban Honolulu, HI",2016,8,1.0188172043010753
884,"Urban Honolulu, HI",2016,9,1.1369444444444445
885,"Urban Honolulu, HI",2016,10,2.1615591397849463
886,"Urban Honolulu, HI",2016,11,3.116111111111111
887,"Urban Honolulu, HI",2016,12,2.976344086021505
888,"Urban Honolulu, HI",2017,1,4.269354838709678
889,"Urban Honolulu, HI",2017,2,5.258333333333333
890,"Urban Honolulu, HI",2017,3,5.463978494623656
891,"Urban Honolulu, HI",2017,4,4.3677777777777775
892,"Urban Honolulu, HI",2017,5,3.694892473118279
893,"Urban Honolulu, HI",2017,6,2.2425
894,"Urban Honolulu, HI",2017,7,2.0088709677419354
895,"Urban Honolulu, HI",2017,8,1.7225806451612902
896,"Urban Honolulu, HI",2017,9,2.796666666666667
897,"Urban Honolulu, HI",2017,10,4.155913978494624
898,"Urban Honolulu, HI",2017,11,4.178333333333333
899,"Urban Honolulu, HI",2017,12,3.7994623655913977
900,"Urban Honolulu, HI",2018,1,4.764516129032257
901,"Urban Honolulu, HI",2018,2,4.70922619047619
902,"Urban Honolulu, HI",2018,3,4.107795698924731
903,"Urban Honolulu, HI",2018,4,4.054277777777778
904,"Urban Honolulu, HI",2018,5,2.5111290322580646
905,"Urban Honolulu, HI",2018,6,3.176888888888889
906,"Urban Honolulu, HI",2018,7,4.029892473118279
907,"Urban Honolulu, HI",2018,8,2.9451612903225803
908,"Urban Honolulu, HI",2018,9,1.9071666666666665
909,"Urban Honolulu, HI",2018,10,2.2448387096774196
910,"Urban Honolulu, HI",2018,11,2.649777777777778
911,"Urban Honolulu, HI",2018,12,2.4552150537634407
912,"Urban Honolulu, HI",2019,1,3.732741935483871
913,"Urban Honolulu, HI",2019,2,2.6630357142857144
914,"Urban Honolulu, HI",2019,3,2.544086021505376
915,"Urban Honolulu, HI",2019,4,3.4082777777777777
916,"Urban Honolulu, HI",2019,5,2.7303763440860216
917,"Urban Honolulu, HI",2019,6,3.1375
918,"Urban Honolulu, HI",2019,7,3.162795698924731
919,"Urban Honolulu, HI",2019,8,3.0429032258064517
920,"Urban Honolulu, HI",2019,9,3.004166666666667
921,"Urban Honolulu, HI",2019,10,2.831774193548387
922,"Urban Honolulu, HI",2019,11,3.227333333333333
923,"Urban Honolulu, HI",2019,12,3.4829032258064516
924,"Urban Honolulu, HI",2020,1,4.397688172043011
925,"Urban Honolulu, HI",2020,2,4.128448275862069
926,"Urban Honolulu, HI",2020,3,3.3396236559139787
927,"Urban Honolulu, HI",2020,4,3.2672222222222222
928,"Urban Honolulu, HI",2020,5,3.153225806451613
929,"Urban Honolulu, HI",2020,6,2.8089999999999997
930,"Urban Honolulu, HI",2020,7,2.986559139784946
931,"Urban Honolulu, HI",2020,8,2.7539247311827957
932,"Urban Honolulu, HI",2020,9,3.0901111111111113
933,"Urban Honolulu, HI",2020,10,3.85252688172043
934,"Urban Honolulu, HI",2020,11,3.168222222222222
935,"Urban Honolulu, HI",2020,12,3.620537634408602
936,"Urban Honolulu, HI",2021,1,3.489784946236559
937,"Urban Honolulu, HI",2021,2,4.0929761904761905
938,"Urban Honolulu, HI",2021,3,3.953010752688172
939,"Urban Honolulu, HI",2021,4,3.0994444444444444
940,"Urban Honolulu, HI",2021,5,3.2921505376344085
941,"Urban Honolulu, HI",2021,6,2.3512777777777774
942,"Urban Honolulu, HI",2021,7,2.767956989247312
943,"Urban Honolulu, HI",2021,8,2.835322580645161
944,"Urban Honolulu, HI",2021,9,2.6761666666666666
945,"Urban Honolulu, HI",2021,10,2.9026344086021507
946,"Urban Honolulu, HI",2021,11,3.0295
947,"Urban Honolulu, HI",2021,12,2.924677419354839
948,"Urban Honolulu, HI",2022,1,3.7858602150537632
949,"Urban Honolulu, HI",2022,2,3.317142857142857
950,"Urban Honolulu, HI",2022,3,4.255806451612903
951,"Urban Honolulu, HI",2022,4,5.282388888888889
952,"Urban Honolulu, HI",2022,5,4.843548387096774
953,"Urban Honolulu, HI",2022,6,3.2605555555555554
954,"Urban Honolulu, HI",2022,7,3.478494623655914
955,"Urban Honolulu, HI",2022,8,3.5032258064516126
956,"Urban Honolulu, HI",2022,9,2.727222222222222
957,"Urban Honolulu, HI",2022,10,3.140501792114695
958,"Urban Honolulu, HI",2022,11,3.8955555555555557
959,"Urban Honolulu, HI",2022,12,5.006451612903225
960,"Visalia-Porterville, CA",2013,1,23.01483870967742
961,"Visalia-Porterville, CA",2013,2,19.178035714285716
962,"Visalia-Porterville, CA",2013,3,13.019784946236559
963,"Visalia-Porterville, CA",2013,4,9.987944444444445
964,"Visalia-Porterville, CA",2013,5,10.224193548387097
965,"Visalia-Porterville, CA",2013,6,11.3785
966,"Visalia-Porterville, CA",2013,7,12.897419354838709
967,"Visalia-Porterville, CA",2013,8,10.788870967741936
968,"Visalia-Porterville, CA",2013,9,10.099111111111112
969,"Visalia-Porterville, CA",2013,10,14.947043010752688
970,"Visalia-Porterville, CA",2013,11,25.088666666666665
971,"Visalia-Porterville, CA",2013,12,40.413817204301075
972,"Visalia-Porterville, CA",2014,1,43.415
973,"Visalia-Porterville, CA",2014,2,19.70313988095238
974,"Visalia-Porterville, CA",2014,3,11.85225806451613
975,"Visalia-Porterville, CA",2014,4,12.190944444444446
976,"Visalia-Porterville, CA",2014,5,9.169086021505377
977,"Visalia-Porterville, CA",2014,6,11.651
978,"Visalia-Porterville, CA",2014,7,11.4347311827957
979,"Visalia-Porterville, CA",2014,8,11.15268817204301
980,"Visalia-Porterville, CA",2014,9,10.944944444444445
981,"Visalia-Porterville, CA",2014,10,10.780591397849461
982,"Visalia-Porterville, CA",2014,11,28.994277777777775
983,"Visalia-Porterville, CA",2014,12,13.748064516129032
984,"Visalia-Porterville, CA",2015,1,33.26591397849462
985,"Visalia-Porterville, CA",2015,2,20.30785714285714
986,"Visalia-Porterville, CA",2015,3,12.31983870967742
987,"Visalia-Porterville, CA",2015,4,10.797333333333334
988,"Visalia-Porterville, CA",2015,5,8.569086021505376
989,"Visalia-Porterville, CA",2015,6,9.459388888888888
990,"Visalia-Porterville, CA",2015,7,8.158494623655914
991,"Visalia-Porterville, CA",2015,8,12.356612903225807
992,"Visalia-Porterville, CA",2015,9,15.228722222222222
993,"Visalia-Porterville, CA",2015,10,13.2952688172043
994,"Visalia-Porterville, CA",2015,11,15.261833333333334
995,"Visalia-Porterville, CA",2015,12,14.886021505376345
996,"Visalia-Porterville, CA",2016,1,12.298064516129033
997,"Visalia-Porterville, CA",2016,2,17.454827586206896
998,"Visalia-Porterville, CA",2016,3,8.411612903225807
999,"Visalia-Porterville, CA",2016,4,9.349666666666668
1000,"Visalia-Porterville, CA",2016,5,8.370215053763442
1001,"Visalia-Porterville, CA",2016,6,11.225222222222222
1002,"Visalia-Porterville, CA",2016,7,13.458010752688171
1003,"Visalia-Porterville, CA",2016,8,15.054354838709678
1004,"Visalia-Porterville, CA",2016,9,12.59861111111111
1005,"Visalia-Porterville, CA",2016,10,10.403548387096773
1006,"Visalia-Porterville, CA",2016,11,25.6955
1007,"Visalia-Porterville, CA",2016,12,21.9391935483871
1008,"Visalia-Porterville, CA",2017,1,10.316505376344086
1009,"Visalia-Porterville, CA",2017,2,8.755059523809525
1010,"Visalia-Porterville, CA",2017,3,14.162580645161292
1011,"Visalia-Porterville, CA",2017,4,8.619
1012,"Visalia-Porterville, CA",2017,5,10.128870967741936
1013,"Visalia-Porterville, CA",2017,6,11.176277777777779
1014,"Visalia-Porterville, CA",2017,7,14.586129032258063
1015,"Visalia-Porterville, CA",2017,8,14.70005376344086
1016,"Visalia-Porterville, CA",2017,9,13.32838888888889
1017,"Visalia-Porterville, CA",2017,10,18.035752688172042
1018,"Visalia-Porterville, CA",2017,11,18.359777777777776
1019,"Visalia-Porterville, CA",2017,12,41.68483870967742
1020,"Visalia-Porterville, CA",2018,1,26.24274193548387
1021,"Visalia-Porterville, CA",2018,2,20.718035714285715
1022,"Visalia-Porterville, CA",2018,3,7.122258064516129
1023,"Visalia-Porterville, CA",2018,4,9.838
1024,"Visalia-Porterville, CA",2018,5,9.123064516129032
1025,"Visalia-Porterville, CA",2018,6,10.203666666666667
1026,"Visalia-Porterville, CA",2018,7,16.84774193548387
1027,"Visalia-Porterville, CA",2018,8,25.77806451612903
1028,"Visalia-Porterville, CA",2018,9,12.641
1029,"Visalia-Porterville, CA",2018,10,12.196505376344085
1030,"Visalia-Porterville, CA",2018,11,27.986333333333334
1031,"Visalia-Porterville, CA",2018,12,19.489247311827956
1032,"Visalia-Porterville, CA",2019,1,17.943548387096776
1033,"Visalia-Porterville, CA",2019,2,5.484880952380952
1034,"Visalia-Porterville, CA",2019,3,6.608924731182795
1035,"Visalia-Porterville, CA",2019,4,9.108055555555556
1036,"Visalia-Porterville, CA",2019,5,8.925
1037,"Visalia-Porterville, CA",2019,6,10.537333333333333
1038,"Visalia-Porterville, CA",2019,7,11.732150537634409
1039,"Visalia-Porterville, CA",2019,8,10.34483870967742
1040,"Visalia-Porterville, CA",2019,9,9.307666666666668
1041,"Visalia-Porterville, CA",2019,10,14.04478494623656
1042,"Visalia-Porterville, CA",2019,11,19.776166666666665
1043,"Visalia-Porterville, CA",2019,12,11.209314516129032
1044,"Visalia-Porterville, CA",2020,1,16.20747311827957
1045,"Visalia-Porterville, CA",2020,2,14.906551724137932
1046,"Visalia-Porterville, CA",2020,3,7.25494623655914
1047,"Visalia-Porterville, CA",2020,4,9.658055555555556
1048,"Visalia-Porterville, CA",2020,5,8.040860215053764
1049,"Visalia-Porterville, CA",2020,6,9.579166666666667
1050,"Visalia-Porterville, CA",2020,7,11.72258064516129
1051,"Visalia-Porterville, CA",2020,8,29.334139784946238
1052,"Visalia-Porterville, CA",2020,9,42.60444444444444
1053,"Visalia-Porterville, CA",2020,10,30.231451612903225
1054,"Visalia-Porterville, CA",2020,11,22.1075
1055,"Visalia-Porterville, CA",2020,12,18.885752688172044
1056,"Visalia-Porterville, CA",2021,1,15.640591397849462
1057,"Visalia-Porterville, CA",2021,2,12.851785714285715
1058,"Visalia-Porterville, CA",2021,3,7.035483870967742
1059,"Visalia-Porterville, CA",2021,4,10.148055555555555
1060,"Visalia-Porterville, CA",2021,5,9.51989247311828
1061,"Visalia-Porterville, CA",2021,6,12.09138888888889
1062,"Visalia-Porterville, CA",2021,7,14.21505376344086
1063,"Visalia-Porterville, CA",2021,8,25.273118279569893
1064,"Visalia-Porterville, CA",2021,9,37.67861111111111
1065,"Visalia-Porterville, CA",2021,10,34.32311827956989
1066,"Visalia-Porterville, CA",2021,11,19.725277777777777
1067,"Visalia-Porterville, CA",2021,12,10.296236559139786
1068,"Visalia-Porterville, CA",2022,1,15.898655913978494
1069,"Visalia-Porterville, CA",2022,2,11.75654761904762
1070,"Visalia-Porterville, CA",2022,3,7.973333333333334
1071,"Visalia-Porterville, CA",2022,4,9.411555555555557
1072,"Visalia-Porterville, CA",2022,5,7.7505376344086025
1073,"Visalia-Porterville, CA",2022,6,8.669444444444444
1074,"Visalia-Porterville, CA",2022,7,10.187096774193549
1075,"Visalia-Porterville, CA",2022,8,9.745967741935484
1076,"Visalia-Porterville, CA",2022,9,10.375833333333333
1077,"Visalia-Porterville, CA",2022,10,10.090591397849462
1078,"Visalia-Porterville, CA",2022,11,15.092777777777778
1079,"Visalia-Porterville, CA",2022,12,10.791129032258064
1080,"Wilmington, NC",2013,1,9.930645161290323
1081,"Wilmington, NC",2013,2,6.913839285714286
1082,"Wilmington, NC",2013,3,8.351075268817205
1083,"Wilmington, NC",2013,4,7.031666666666667
1084,"Wilmington, NC",2013,5,7.759677419354839
1085,"Wilmington, NC",2013,6,8.51875
1086,"Wilmington, NC",2013,7,6.722916666666666
1087,"Wilmington, NC",2013,8,8.988709677419354
1088,"Wilmington, NC",2013,9,12.973706896551725
1089,"Wilmington, NC",2013,10,10.218145161290321
1090,"Wilmington, NC",2013,11,10.596666666666666
1091,"Wilmington, NC",2013,12,9.998118279569892
1092,"Wilmington, NC",2014,1,10.575806451612902
1093,"Wilmington, NC",2014,2,12.258482142857144
1094,"Wilmington, NC",2014,3,7.858602150537633
1095,"Wilmington, NC",2014,4,7.797361111111111
1096,"Wilmington, NC",2014,5,7.879032258064516
1097,"Wilmington, NC",2014,6,6.010277777777778
1098,"Wilmington, NC",2014,7,4.854838709677419
1099,"Wilmington, NC",2014,8,8.180645161290322
1100,"Wilmington, NC",2014,9,2.9383333333333335
1101,"Wilmington, NC",2014,10,4.930241935483871
1102,"Wilmington, NC",2014,11,6.2122222222222225
1103,"Wilmington, NC",2014,12,6.701612903225806
1104,"Wilmington, NC",2015,1,6.606451612903226
1105,"Wilmington, NC",2015,2,8.085714285714285
1106,"Wilmington, NC",2015,3,5.144086021505377
1107,"Wilmington, NC",2015,4,4.52
1108,"Wilmington, NC",2015,5,5.481720430107527
1109,"Wilmington, NC",2015,6,5.930000000000001
1110,"Wilmington, NC",2015,7,7.432258064516129
1111,"Wilmington, NC",2015,8,8.246774193548386
1112,"Wilmington, NC",2015,9,5.160344827586207
1113,"Wilmington, NC",2015,10,4.880769230769231
1114,"Wilmington, NC",2015,11,3.6655555555555557
1115,"Wilmington, NC",2015,12,2.980645161290323
1116,"Wilmington, NC",2016,1,1.8766129032258063
1117,"Wilmington, NC",2016,2,3.158620689655172
1118,"Wilmington, NC",2016,3,7.053225806451613
1119,"Wilmington, NC",2016,4,5.91
1120,"Wilmington, NC",2016,5,8.327016129032257
1121,"Wilmington, NC",2016,6,7.471666666666667
1122,"Wilmington, NC",2016,7,5.020161290322581
1123,"Wilmington, NC",2016,8,3.9120967741935484
1124,"Wilmington, NC",2016,9,4.441666666666666
1125,"Wilmington, NC",2016,10,3.884821428571428
1126,"Wilmington, NC",2016,11,5.618333333333334
1127,"Wilmington, NC",2016,12,3.8725806451612903
1128,"Wilmington, NC",2017,1,3.8806451612903223
1129,"Wilmington, NC",2017,2,6.2803571428571425
1130,"Wilmington, NC",2017,3,5.387096774193548
1131,"Wilmington, NC",2017,4,4.568827160493827
1132,"Wilmington, NC",2017,5,9.96747311827957
1133,"Wilmington, NC",2017,6,6.918333333333334
1134,"Wilmington, NC",2017,7,7.319354838709677
1135,"Wilmington, NC",2017,8,6.415860215053764
1136,"Wilmington, NC",2017,9,6.723333333333333
1137,"Wilmington, NC",2017,10,4.286290322580645
1138,"Wilmington, NC",2017,11,6.008620689655173
1139,"Wilmington, NC",2017,12,5.393548387096774
1140,"Wilmington, NC",2018,1,3.2091397849462364
1141,"Wilmington, NC",2018,2,2.3375
1142,"Wilmington, NC",2018,3,4.280645161290322
1143,"Wilmington, NC",2018,4,3.4683333333333333
1144,"Wilmington, NC",2018,5,2.4038194444444447
1145,"Wilmington, NC",2018,6,7.0344827586206895
1146,"Wilmington, NC",2018,7,3.703225806451613
1147,"Wilmington, NC",2018,8,3.6903225806451614
1148,"Wilmington, NC",2018,9,-0.14999999999999997
1149,"Wilmington, NC",2018,10,3.0767361111111113
1150,"Wilmington, NC",2018,11,2.82
1151,"Wilmington, NC",2018,12,2.6903225806451614
1152,"Wilmington, NC",2019,1,3.425537634408602
1153,"Wilmington, NC",2019,2,3.7357142857142853
1154,"Wilmington, NC",2019,3,3.5194444444444444
1155,"Wilmington, NC",2019,4,3.3255555555555554
1156,"Wilmington, NC",2019,5,3.7516129032258063
1157,"Wilmington, NC",2019,6,2.996666666666667
1158,"Wilmington, NC",2019,7,6.239166666666667
1159,"Wilmington, NC",2019,8,4.398924731182796
1160,"Wilmington, NC",2019,9,2.1
1161,"Wilmington, NC",2019,10,2.7483870967741937
1162,"Wilmington, NC",2019,11,5.697500000000001
1163,"Wilmington, NC",2019,12,4.674193548387097
1164,"Wilmington, NC",2020,1,5.3674731182795705
1165,"Wilmington, NC",2020,2,3.089655172413793
1166,"Wilmington, NC",2020,3,2.929032258064516
1167,"Wilmington, NC",2020,4,3.0905555555555555
1168,"Wilmington, NC",2020,5,0.3362903225806451
1169,"Wilmington, NC",2020,6,3.1783333333333332
1170,"Wilmington, NC",2020,7,4.037903225806452
1171,"Wilmington, NC",2020,8,3.481034482758621
1172,"Wilmington, NC",2020,9,4.096666666666667
1173,"Wilmington, NC",2020,10,4.151612903225806
1174,"Wilmington, NC",2020,11,5.301666666666667
1175,"Wilmington, NC",2020,12,6.95483870967742
1176,"Wilmington, NC",2021,1,5.982258064516128
1177,"Wilmington, NC",2021,2,5.171428571428571
1178,"Wilmington, NC",2021,3,6.642069892473119
1179,"Wilmington, NC",2021,4,8.165
1180,"Wilmington, NC",2021,5,6.516397849462366
1181,"Wilmington, NC",2021,6,4.8774999999999995
1182,"Wilmington, NC",2021,7,4.579032258064516
1183,"Wilmington, NC",2021,8,7.079032258064516
1184,"Wilmington, NC",2021,9,4.6883333333333335
1185,"Wilmington, NC",2021,10,4.577419354838709
1186,"Wilmington, NC",2021,11,6.171666666666667
1187,"Wilmington, NC",2021,12,6.946774193548387
1188,"Wilmington, NC",2022,1,6.532258064516129
1189,"Wilmington, NC",2022,2,7.173214285714286
1190,"Wilmington, NC",2022,3,7.088709677419355
1191,"Wilmington, NC",2022,4,6.008333333333334
1192,"Wilmington, NC",2022,5,6.396908602150538
1193,"Wilmington, NC",2022,6,6.176666666666666
1194,"Wilmington, NC",2022,7,4.659677419354838
1195,"Wilmington, NC",2022,8,5.162903225806452
1196,"Wilmington, NC",2022,9,5.011666666666667
1197,"Wilmington, NC",2022,10,6.72741935483871
1198,"Wilmington, NC",2022,11,6.725
1199,"Wilmington, NC",2022,12,6.447983870967741
